{"name": "Attack - Windows, Linux, macOS", "versions": {"navigator": "4.1", "layer": "4.1"},
"domain": "enterprise-attack", "description": "stage: attack | platform(s): Windows, Linux, macOS | group(s): PwC - Cyber Threats 2020 A Year in Retrospect | overlay group(s): ", "filters": {"platforms": ["Windows", "Linux", "macOS"]},
"sorting": 3, "layout": {"layout": "flat", "showName": true, "showID": false},
"hideDisable": false, "selectSubtechniquesWithParent": false, "techniques": [{"techniqueID": "T1140", "score": 1, "metadata": [{"name": "Group", "value": "PwC - Cyber Threats 2020 A Year in Retrospect"}], "showSubtechniques": false},
{"techniqueID": "T1547.001", "score": 1, "metadata": [{"name": "Group", "value": "PwC - Cyber Threats 2020 A Year in Retrospect"}]},
{"techniqueID": "T1490", "score": 1, "metadata": [{"name": "Group", "value": "PwC - Cyber Threats 2020 A Year in Retrospect"}], "showSubtechniques": false},
{"techniqueID": "T1083", "score": 1, "metadata": [{"name": "Group", "value": "PwC - Cyber Threats 2020 A Year in Retrospect"}], "showSubtechniques": false},
{"techniqueID": "T1486", "score": 1, "metadata": [{"name": "Group", "value": "PwC - Cyber Threats 2020 A Year in Retrospect"}], "showSubtechniques": false},
{"techniqueID": "T1070.004", "score": 1, "metadata": [{"name": "Group", "value": "PwC - Cyber Threats 2020 A Year in Retrospect"}]},
{"techniqueID": "T1036", "score": 1, "metadata": [{"name": "Group", "value": "PwC - Cyber Threats 2020 A Year in Retrospect"}], "showSubtechniques": false},
{"techniqueID": "T1082", "score": 1, "metadata": [{"name": "Group", "value": "PwC - Cyber Threats 2020 A Year in Retrospect"}], "showSubtechniques": false},
{"techniqueID": "T1221", "score": 1, "metadata": [{"name": "Group", "value": "PwC - Cyber Threats 2020 A Year in Retrospect"}], "showSubtechniques": false},
{"techniqueID": "T1489", "score": 1, "metadata": [{"name": "Group", "value": "PwC - Cyber Threats 2020 A Year in Retrospect"}], "showSubtechniques": false},
{"techniqueID": "T1027", "score": 1, "metadata": [{"name": "Group", "value": "PwC - Cyber Threats 2020 A Year in Retrospect"}], "showSubtechniques": false},
{"techniqueID": "T1056.001", "score": 1, "metadata": [{"name": "Group", "value": "PwC - Cyber Threats 2020 A Year in Retrospect"}]},
{"techniqueID": "T1041", "score": 1, "metadata": [{"name": "Group", "value": "PwC - Cyber Threats 2020 A Year in Retrospect"}], "showSubtechniques": false},
{"techniqueID": "T1566", "score": 1, "metadata": [{"name": "Group", "value": "PwC - Cyber Threats 2020 A Year in Retrospect"}], "showSubtechniques": false},
{"techniqueID": "T1057", "score": 1, "metadata": [{"name": "Group", "value": "PwC - Cyber Threats 2020 A Year in Retrospect"}], "showSubtechniques": false},
{"techniqueID": "T1005", "score": 1, "metadata": [{"name": "Group", "value": "PwC - Cyber Threats 2020 A Year in Retrospect"}], "showSubtechniques": false},
{"techniqueID": "T1204", "score": 1, "metadata": [{"name": "Group", "value": "PwC - Cyber Threats 2020 A Year in Retrospect"}], "showSubtechniques": false},
{"techniqueID": "T1059", "score": 1, "metadata": [{"name": "Group", "value": "PwC - Cyber Threats 2020 A Year in Retrospect"}], "showSubtechniques": false},
{"techniqueID": "T1133", "score": 1, "metadata": [{"name": "Group", "value": "PwC - Cyber Threats 2020 A Year in Retrospect"}], "showSubtechniques": false},
{"techniqueID": "T1071", "score": 1, "metadata": [{"name": "Group", "value": "PwC - Cyber Threats 2020 A Year in Retrospect"}], "showSubtechniques": false},
{"techniqueID": "T1068", "score": 1, "metadata": [{"name": "Group", "value": "PwC - Cyber Threats 2020 A Year in Retrospect"}], "showSubtechniques": false},
{"techniqueID": "T1187", "score": 1, "metadata": [{"name": "Group", "value": "PwC - Cyber Threats 2020 A Year in Retrospect"}], "showSubtechniques": false},
{"techniqueID": "T1195", "score": 1, "metadata": [{"name": "Group", "value": "PwC - Cyber Threats 2020 A Year in Retrospect"}], "showSubtechniques": false},
{"techniqueID": "T1547", "showSubtechniques": true},
{"techniqueID": "T1070", "showSubtechniques": true},
{"techniqueID": "T1056", "showSubtechniques": true}], "showTacticRowBackground": false, "tacticRowBackground": "#dddddd", "selectTechniquesAcrossTactics": true, "gradient": {"colors": ["#ffcece", "#ff0000"], "minValue": 0, "maxValue": 1},
"legendItems": [{"label": "Tech. not often used", "color": "#ffcece"},
{"label": "Tech. used frequently", "color": "#ff0000"},
{"label": "Groups overlay: tech. in group + overlay", "color": "#f9a825"},
{"label": "Groups overlay: tech. in overlay", "color": "#ffee58"},
{"label": "Src. of tech. is only software", "color": "#0d47a1 "},
{"label": "Src. of tech. is group(s)/overlay + software", "color": "#64b5f6 "}]}