{"name": "Attack - all", "versions": {"navigator": "4.4", "layer": "4.2"},
"domain": "enterprise-attack", "description": "stage: attack | platform(s): all | group(s): McAfee (Labs Threats Report - October 2021 (top 5 per tactic)) | overlay group(s): ", "filters": {"platforms": ["PRE", "Windows", "macOS", "Linux", "Office 365", "Azure AD", "Google Workspace", "IaaS", "SaaS", "Network", "Containers"]},
"sorting": 3, "layout": {"layout": "flat", "aggregateFunction": "sum", "showAggregateScores": true, "countUnscored": false, "showName": true, "showID": false},
"hideDisable": false, "selectSubtechniquesWithParent": false, "techniques": [{"techniqueID": "T1115", "score": 1, "metadata": [{"name": "Group", "value": "McAfee"},
{"name": "Campaign", "value": "Labs Threats Report - October 2021 (top 5 per tactic)"}], "showSubtechniques": false},
{"techniqueID": "T1486", "score": 1, "metadata": [{"name": "Group", "value": "McAfee"},
{"name": "Campaign", "value": "Labs Threats Report - October 2021 (top 5 per tactic)"}], "showSubtechniques": false},
{"techniqueID": "T1105", "score": 1, "metadata": [{"name": "Group", "value": "McAfee"},
{"name": "Campaign", "value": "Labs Threats Report - October 2021 (top 5 per tactic)"}], "showSubtechniques": false},
{"techniqueID": "T1005", "score": 1, "metadata": [{"name": "Group", "value": "McAfee"},
{"name": "Campaign", "value": "Labs Threats Report - October 2021 (top 5 per tactic)"}], "showSubtechniques": false},
{"techniqueID": "T1497.001", "score": 1, "metadata": [{"name": "Group", "value": "McAfee"},
{"name": "Campaign", "value": "Labs Threats Report - October 2021 (top 5 per tactic)"}]},
{"techniqueID": "T1003", "score": 1, "metadata": [{"name": "Group", "value": "McAfee"},
{"name": "Campaign", "value": "Labs Threats Report - October 2021 (top 5 per tactic)"}], "showSubtechniques": true},
{"techniqueID": "T1047", "score": 1, "metadata": [{"name": "Group", "value": "McAfee"},
{"name": "Campaign", "value": "Labs Threats Report - October 2021 (top 5 per tactic)"}], "showSubtechniques": false},
{"techniqueID": "T1571", "score": 1, "metadata": [{"name": "Group", "value": "McAfee"},
{"name": "Campaign", "value": "Labs Threats Report - October 2021 (top 5 per tactic)"}], "showSubtechniques": false},
{"techniqueID": "T1059.001", "score": 1, "metadata": [{"name": "Group", "value": "McAfee"},
{"name": "Campaign", "value": "Labs Threats Report - October 2021 (top 5 per tactic)"}]},
{"techniqueID": "T1056.001", "score": 1, "metadata": [{"name": "Group", "value": "McAfee"},
{"name": "Campaign", "value": "Labs Threats Report - October 2021 (top 5 per tactic)"}]},
{"techniqueID": "T1083", "score": 1, "metadata": [{"name": "Group", "value": "McAfee"},
{"name": "Campaign", "value": "Labs Threats Report - October 2021 (top 5 per tactic)"}], "showSubtechniques": false},
{"techniqueID": "T1048.003", "score": 1, "metadata": [{"name": "Group", "value": "McAfee"},
{"name": "Campaign", "value": "Labs Threats Report - October 2021 (top 5 per tactic)"}]},
{"techniqueID": "T1048", "score": 1, "metadata": [{"name": "Group", "value": "McAfee"},
{"name": "Campaign", "value": "Labs Threats Report - October 2021 (top 5 per tactic)"}], "showSubtechniques": true},
{"techniqueID": "T1095", "score": 1, "metadata": [{"name": "Group", "value": "McAfee"},
{"name": "Campaign", "value": "Labs Threats Report - October 2021 (top 5 per tactic)"}], "showSubtechniques": false},
{"techniqueID": "T1574.002", "score": 1, "metadata": [{"name": "Group", "value": "McAfee"},
{"name": "Campaign", "value": "Labs Threats Report - October 2021 (top 5 per tactic)"}]},
{"techniqueID": "T1071.001", "score": 1, "metadata": [{"name": "Group", "value": "McAfee"},
{"name": "Campaign", "value": "Labs Threats Report - October 2021 (top 5 per tactic)"}]},
{"techniqueID": "T1210", "score": 1, "metadata": [{"name": "Group", "value": "McAfee"},
{"name": "Campaign", "value": "Labs Threats Report - October 2021 (top 5 per tactic)"}], "showSubtechniques": false},
{"techniqueID": "T1078", "score": 1, "metadata": [{"name": "Group", "value": "McAfee"},
{"name": "Campaign", "value": "Labs Threats Report - October 2021 (top 5 per tactic)"}], "showSubtechniques": false},
{"techniqueID": "T1190", "score": 1, "metadata": [{"name": "Group", "value": "McAfee"},
{"name": "Campaign", "value": "Labs Threats Report - October 2021 (top 5 per tactic)"}], "showSubtechniques": false},
{"techniqueID": "T1567.002", "score": 1, "metadata": [{"name": "Group", "value": "McAfee"},
{"name": "Campaign", "value": "Labs Threats Report - October 2021 (top 5 per tactic)"}]},
{"techniqueID": "T1041", "score": 1, "metadata": [{"name": "Group", "value": "McAfee"},
{"name": "Campaign", "value": "Labs Threats Report - October 2021 (top 5 per tactic)"}], "showSubtechniques": false},
{"techniqueID": "T1021.001", "score": 1, "metadata": [{"name": "Group", "value": "McAfee"},
{"name": "Campaign", "value": "Labs Threats Report - October 2021 (top 5 per tactic)"}]},
{"techniqueID": "T1543.003", "score": 1, "metadata": [{"name": "Group", "value": "McAfee"},
{"name": "Campaign", "value": "Labs Threats Report - October 2021 (top 5 per tactic)"}]},
{"techniqueID": "T1102", "score": 1, "metadata": [{"name": "Group", "value": "McAfee"},
{"name": "Campaign", "value": "Labs Threats Report - October 2021 (top 5 per tactic)"}], "showSubtechniques": false},
{"techniqueID": "T1059.003", "score": 1, "metadata": [{"name": "Group", "value": "McAfee"},
{"name": "Campaign", "value": "Labs Threats Report - October 2021 (top 5 per tactic)"}]},
{"techniqueID": "T1547.001", "score": 1, "metadata": [{"name": "Group", "value": "McAfee"},
{"name": "Campaign", "value": "Labs Threats Report - October 2021 (top 5 per tactic)"}]},
{"techniqueID": "T1012", "score": 1, "metadata": [{"name": "Group", "value": "McAfee"},
{"name": "Campaign", "value": "Labs Threats Report - October 2021 (top 5 per tactic)"}], "showSubtechniques": false},
{"techniqueID": "T1027", "score": 1, "metadata": [{"name": "Group", "value": "McAfee"},
{"name": "Campaign", "value": "Labs Threats Report - October 2021 (top 5 per tactic)"}], "showSubtechniques": false},
{"techniqueID": "T1057", "score": 1, "metadata": [{"name": "Group", "value": "McAfee"},
{"name": "Campaign", "value": "Labs Threats Report - October 2021 (top 5 per tactic)"}], "showSubtechniques": false},
{"techniqueID": "T1129", "score": 1, "metadata": [{"name": "Group", "value": "McAfee"},
{"name": "Campaign", "value": "Labs Threats Report - October 2021 (top 5 per tactic)"}], "showSubtechniques": false},
{"techniqueID": "T1056", "score": 1, "metadata": [{"name": "Group", "value": "McAfee"},
{"name": "Campaign", "value": "Labs Threats Report - October 2021 (top 5 per tactic)"}], "showSubtechniques": true},
{"techniqueID": "T1003.001", "score": 1, "metadata": [{"name": "Group", "value": "McAfee"},
{"name": "Campaign", "value": "Labs Threats Report - October 2021 (top 5 per tactic)"}]},
{"techniqueID": "T1021.004", "score": 1, "metadata": [{"name": "Group", "value": "McAfee"},
{"name": "Campaign", "value": "Labs Threats Report - October 2021 (top 5 per tactic)"}]},
{"techniqueID": "T1204.002", "score": 1, "metadata": [{"name": "Group", "value": "McAfee"},
{"name": "Campaign", "value": "Labs Threats Report - October 2021 (top 5 per tactic)"}]},
{"techniqueID": "T1055", "score": 1, "metadata": [{"name": "Group", "value": "McAfee"},
{"name": "Campaign", "value": "Labs Threats Report - October 2021 (top 5 per tactic)"}], "showSubtechniques": true},
{"techniqueID": "T1489", "score": 1, "metadata": [{"name": "Group", "value": "McAfee"},
{"name": "Campaign", "value": "Labs Threats Report - October 2021 (top 5 per tactic)"}], "showSubtechniques": false},
{"techniqueID": "T1566.001", "score": 1, "metadata": [{"name": "Group", "value": "McAfee"},
{"name": "Campaign", "value": "Labs Threats Report - October 2021 (top 5 per tactic)"}]},
{"techniqueID": "T1113", "score": 1, "metadata": [{"name": "Group", "value": "McAfee"},
{"name": "Campaign", "value": "Labs Threats Report - October 2021 (top 5 per tactic)"}], "showSubtechniques": false},
{"techniqueID": "T1555.003", "score": 1, "metadata": [{"name": "Group", "value": "McAfee"},
{"name": "Campaign", "value": "Labs Threats Report - October 2021 (top 5 per tactic)"}]},
{"techniqueID": "T1560", "score": 1, "metadata": [{"name": "Group", "value": "McAfee"},
{"name": "Campaign", "value": "Labs Threats Report - October 2021 (top 5 per tactic)"}], "showSubtechniques": false},
{"techniqueID": "T1021.002", "score": 1, "metadata": [{"name": "Group", "value": "McAfee"},
{"name": "Campaign", "value": "Labs Threats Report - October 2021 (top 5 per tactic)"}]},
{"techniqueID": "T1070.004", "score": 1, "metadata": [{"name": "Group", "value": "McAfee"},
{"name": "Campaign", "value": "Labs Threats Report - October 2021 (top 5 per tactic)"}]},
{"techniqueID": "T1529", "score": 1, "metadata": [{"name": "Group", "value": "McAfee"},
{"name": "Campaign", "value": "Labs Threats Report - October 2021 (top 5 per tactic)"}], "showSubtechniques": false},
{"techniqueID": "T1133", "score": 1, "metadata": [{"name": "Group", "value": "McAfee"},
{"name": "Campaign", "value": "Labs Threats Report - October 2021 (top 5 per tactic)"}], "showSubtechniques": false},
{"techniqueID": "T1140", "score": 1, "metadata": [{"name": "Group", "value": "McAfee"},
{"name": "Campaign", "value": "Labs Threats Report - October 2021 (top 5 per tactic)"}], "showSubtechniques": false},
{"techniqueID": "T1566.002", "score": 1, "metadata": [{"name": "Group", "value": "McAfee"},
{"name": "Campaign", "value": "Labs Threats Report - October 2021 (top 5 per tactic)"}]},
{"techniqueID": "T1053.005", "score": 1, "metadata": [{"name": "Group", "value": "McAfee"},
{"name": "Campaign", "value": "Labs Threats Report - October 2021 (top 5 per tactic)"}]},
{"techniqueID": "T1020", "score": 1, "metadata": [{"name": "Group", "value": "McAfee"},
{"name": "Campaign", "value": "Labs Threats Report - October 2021 (top 5 per tactic)"}], "showSubtechniques": false},
{"techniqueID": "T1082", "score": 1, "metadata": [{"name": "Group", "value": "McAfee"},
{"name": "Campaign", "value": "Labs Threats Report - October 2021 (top 5 per tactic)"}], "showSubtechniques": false},
{"techniqueID": "T1112", "score": 1, "metadata": [{"name": "Group", "value": "McAfee"},
{"name": "Campaign", "value": "Labs Threats Report - October 2021 (top 5 per tactic)"}], "showSubtechniques": false},
{"techniqueID": "T1055.002", "score": 1, "metadata": [{"name": "Group", "value": "McAfee"},
{"name": "Campaign", "value": "Labs Threats Report - October 2021 (top 5 per tactic)"}]},
{"techniqueID": "T1490", "score": 1, "metadata": [{"name": "Group", "value": "McAfee"},
{"name": "Campaign", "value": "Labs Threats Report - October 2021 (top 5 per tactic)"}], "showSubtechniques": false},
{"techniqueID": "T1496", "score": 1, "metadata": [{"name": "Group", "value": "McAfee"},
{"name": "Campaign", "value": "Labs Threats Report - October 2021 (top 5 per tactic)"}], "showSubtechniques": false},
{"techniqueID": "T1497", "showSubtechniques": true},
{"techniqueID": "T1059", "showSubtechniques": true},
{"techniqueID": "T1574", "showSubtechniques": true},
{"techniqueID": "T1071", "showSubtechniques": true},
{"techniqueID": "T1567", "showSubtechniques": true},
{"techniqueID": "T1021", "showSubtechniques": true},
{"techniqueID": "T1543", "showSubtechniques": true},
{"techniqueID": "T1547", "showSubtechniques": true},
{"techniqueID": "T1204", "showSubtechniques": true},
{"techniqueID": "T1566", "showSubtechniques": true},
{"techniqueID": "T1555", "showSubtechniques": true},
{"techniqueID": "T1070", "showSubtechniques": true},
{"techniqueID": "T1053", "showSubtechniques": true}], "showTacticRowBackground": false, "tacticRowBackground": "#dddddd", "selectTechniquesAcrossTactics": true, "gradient": {"colors": ["#ffcece", "#ff0000"], "minValue": 0, "maxValue": 1},
"legendItems": [{"label": "Tech. not often used", "color": "#ffcece"},
{"label": "Tech. used frequently", "color": "#ff0000"},
{"label": "Groups overlay: tech. in group + overlay", "color": "#f9a825"},
{"label": "Groups overlay: tech. in overlay", "color": "#ffee58"},
{"label": "Src. of tech. is only software", "color": "#0d47a1 "},
{"label": "Src. of tech. is group(s)/overlay + software", "color": "#64b5f6 "}]}