{
  "ATT&CK-Enterprise": {
    "Containers": [
      "Command Execution",
      "Container Creation",
      "Container Enumeration",
      "Container Start",
      "Pod Creation",
      "Pod Enumeration",
      "Pod Modification",
      "Scheduled Job Creation",
      "Scheduled Job Metadata",
      "Scheduled Job Modification",
      "User Account Authentication",
      "User Account Creation",
      "User Account Deletion",
      "User Account Metadata",
      "User Account Modification"
    ],
    "ESXi": [
      "Application Log Content",
      "Command Execution",
      "File Access",
      "File Creation",
      "File Deletion",
      "File Metadata",
      "File Modification",
      "Firewall Disable",
      "Firewall Enumeration",
      "Firewall Metadata",
      "Firewall Rule Modification",
      "Logon Session Creation",
      "Logon Session Metadata",
      "Network Connection Creation",
      "Network Traffic Content",
      "Network Traffic Flow",
      "OS API Execution",
      "Process Access",
      "Process Creation",
      "Process Metadata",
      "Process Modification",
      "Process Termination",
      "Scheduled Job Creation",
      "Scheduled Job Metadata",
      "Scheduled Job Modification",
      "Script Execution",
      "Service Creation",
      "Service Metadata",
      "Service Modification",
      "User Account Authentication",
      "User Account Creation",
      "User Account Deletion",
      "User Account Metadata",
      "User Account Modification"
    ],
    "IaaS": [
      "Application Log Content",
      "Cloud Service Disable",
      "Cloud Service Enumeration",
      "Cloud Service Metadata",
      "Cloud Service Modification",
      "Cloud Storage Access",
      "Cloud Storage Creation",
      "Cloud Storage Deletion",
      "Cloud Storage Enumeration",
      "Cloud Storage Metadata",
      "Cloud Storage Modification",
      "Firewall Disable",
      "Firewall Enumeration",
      "Firewall Metadata",
      "Firewall Rule Modification",
      "Group Enumeration",
      "Group Metadata",
      "Group Modification",
      "Image Creation",
      "Image Deletion",
      "Image Metadata",
      "Image Modification",
      "Instance Creation",
      "Instance Deletion",
      "Instance Enumeration",
      "Instance Metadata",
      "Instance Modification",
      "Instance Start",
      "Instance Stop",
      "Logon Session Creation",
      "Logon Session Metadata",
      "Network Connection Creation",
      "Network Traffic Content",
      "Network Traffic Flow",
      "Snapshot Creation",
      "Snapshot Deletion",
      "Snapshot Enumeration",
      "Snapshot Metadata",
      "Snapshot Modification",
      "User Account Authentication",
      "User Account Creation",
      "User Account Deletion",
      "User Account Metadata",
      "User Account Modification",
      "Volume Creation",
      "Volume Deletion",
      "Volume Enumeration",
      "Volume Metadata",
      "Volume Modification"
    ],
    "Identity Provider": [
      "Active Directory Credential Request",
      "Active Directory Object Access",
      "Active Directory Object Creation",
      "Active Directory Object Deletion",
      "Active Directory Object Modification",
      "Cloud Service Disable",
      "Cloud Service Enumeration",
      "Cloud Service Metadata",
      "Cloud Service Modification",
      "Firewall Disable",
      "Firewall Enumeration",
      "Firewall Metadata",
      "Firewall Rule Modification",
      "Group Enumeration",
      "Group Metadata",
      "Group Modification",
      "Logon Session Creation",
      "Logon Session Metadata",
      "User Account Authentication",
      "User Account Creation",
      "User Account Deletion",
      "User Account Metadata",
      "User Account Modification",
      "Web Credential Creation",
      "Web Credential Usage"
    ],
    "Linux": [
      "Application Log Content",
      "Command Execution",
      "Drive Access",
      "Drive Creation",
      "Drive Modification",
      "Driver Load",
      "Driver Metadata",
      "File Access",
      "File Creation",
      "File Deletion",
      "File Metadata",
      "File Modification",
      "Firewall Disable",
      "Firewall Enumeration",
      "Firewall Metadata",
      "Firewall Rule Modification",
      "Firmware Modification",
      "Host Status",
      "Kernel Module Load",
      "Logon Session Creation",
      "Logon Session Metadata",
      "Module Load",
      "Named Pipe Metadata",
      "Network Connection Creation",
      "Network Share Access",
      "Network Traffic Content",
      "Network Traffic Flow",
      "OS API Execution",
      "Process Access",
      "Process Creation",
      "Process Metadata",
      "Process Modification",
      "Process Termination",
      "Scheduled Job Creation",
      "Scheduled Job Metadata",
      "Scheduled Job Modification",
      "Service Creation",
      "Service Metadata",
      "Service Modification",
      "User Account Authentication",
      "User Account Creation",
      "User Account Deletion",
      "User Account Metadata",
      "User Account Modification",
      "Volume Creation",
      "Volume Deletion",
      "Volume Enumeration",
      "Volume Metadata",
      "Volume Modification",
      "Web Credential Creation",
      "Web Credential Usage"
    ],
    "Network Devices": [
      "Command Execution",
      "File Access",
      "File Creation",
      "File Deletion",
      "File Metadata",
      "File Modification"
    ],
    "Office Suite": [
      "Application Log Content",
      "Cloud Service Disable",
      "Cloud Service Enumeration",
      "Cloud Service Metadata",
      "Cloud Service Modification",
      "Firewall Disable",
      "Firewall Enumeration",
      "Firewall Metadata",
      "Firewall Rule Modification",
      "Group Enumeration",
      "Group Metadata",
      "Group Modification",
      "Logon Session Creation",
      "Logon Session Metadata",
      "User Account Authentication",
      "User Account Creation",
      "User Account Deletion",
      "User Account Metadata",
      "User Account Modification",
      "Web Credential Creation",
      "Web Credential Usage"
    ],
    "PRE": [
      "Active DNS",
      "Certificate Registration",
      "Domain Registration",
      "Malware Content",
      "Malware Metadata",
      "Passive DNS",
      "Response Content",
      "Response Metadata",
      "Social Media"
    ],
    "SaaS": [
      "Application Log Content",
      "Cloud Service Disable",
      "Cloud Service Enumeration",
      "Cloud Service Metadata",
      "Cloud Service Modification",
      "Firewall Disable",
      "Firewall Enumeration",
      "Firewall Metadata",
      "Firewall Rule Modification",
      "Group Enumeration",
      "Group Metadata",
      "Group Modification",
      "Logon Session Creation",
      "Logon Session Metadata",
      "User Account Authentication",
      "User Account Creation",
      "User Account Deletion",
      "User Account Metadata",
      "User Account Modification",
      "Web Credential Creation",
      "Web Credential Usage"
    ],
    "Windows": [
      "Active Directory Credential Request",
      "Active Directory Object Access",
      "Active Directory Object Creation",
      "Active Directory Object Deletion",
      "Active Directory Object Modification",
      "Application Log Content",
      "Command Execution",
      "Drive Access",
      "Drive Creation",
      "Drive Modification",
      "Driver Load",
      "Driver Metadata",
      "File Access",
      "File Creation",
      "File Deletion",
      "File Metadata",
      "File Modification",
      "Firewall Disable",
      "Firewall Enumeration",
      "Firewall Metadata",
      "Firewall Rule Modification",
      "Firmware Modification",
      "Group Enumeration",
      "Group Metadata",
      "Group Modification",
      "Host Status",
      "Logon Session Creation",
      "Logon Session Metadata",
      "Module Load",
      "Named Pipe Metadata",
      "Network Connection Creation",
      "Network Share Access",
      "Network Traffic Content",
      "Network Traffic Flow",
      "OS API Execution",
      "Process Access",
      "Process Creation",
      "Process Metadata",
      "Process Modification",
      "Process Termination",
      "Scheduled Job Creation",
      "Scheduled Job Metadata",
      "Scheduled Job Modification",
      "Script Execution",
      "Service Creation",
      "Service Metadata",
      "Service Modification",
      "User Account Authentication",
      "User Account Creation",
      "User Account Deletion",
      "User Account Metadata",
      "User Account Modification",
      "Volume Creation",
      "Volume Deletion",
      "Volume Enumeration",
      "Volume Metadata",
      "Volume Modification",
      "WMI Creation",
      "Web Credential Creation",
      "Web Credential Usage",
      "Windows Registry Key Access",
      "Windows Registry Key Creation",
      "Windows Registry Key Deletion",
      "Windows Registry Key Modification"
    ],
    "macOS": [
      "Application Log Content",
      "Command Execution",
      "Drive Access",
      "Drive Creation",
      "Drive Modification",
      "Driver Load",
      "Driver Metadata",
      "File Access",
      "File Creation",
      "File Deletion",
      "File Metadata",
      "File Modification",
      "Firewall Disable",
      "Firewall Enumeration",
      "Firewall Metadata",
      "Firewall Rule Modification",
      "Firmware Modification",
      "Host Status",
      "Kernel Module Load",
      "Logon Session Creation",
      "Logon Session Metadata",
      "Module Load",
      "Named Pipe Metadata",
      "Network Connection Creation",
      "Network Share Access",
      "Network Traffic Content",
      "Network Traffic Flow",
      "OS API Execution",
      "Process Access",
      "Process Creation",
      "Process Metadata",
      "Process Modification",
      "Process Termination",
      "Scheduled Job Creation",
      "Scheduled Job Metadata",
      "Scheduled Job Modification",
      "Service Creation",
      "Service Metadata",
      "Service Modification",
      "User Account Authentication",
      "User Account Creation",
      "User Account Deletion",
      "User Account Metadata",
      "User Account Modification",
      "Volume Creation",
      "Volume Deletion",
      "Volume Enumeration",
      "Volume Metadata",
      "Volume Modification",
      "Web Credential Creation",
      "Web Credential Usage"
    ]
  },
  "ATT&CK-ICS": {
    "None": [
      "Application Log Content",
      "Asset Inventory",
      "Command Execution",
      "Device Alarm",
      "Drive Creation",
      "File Access",
      "File Creation",
      "File Deletion",
      "File Metadata",
      "File Modification",
      "Firmware Modification",
      "Logon Session Creation",
      "Logon Session Metadata",
      "Module Load",
      "Network Connection Creation",
      "Network Share Access",
      "Network Traffic Content",
      "Network Traffic Flow",
      "OS API Execution",
      "Process Creation",
      "Process History/Live Data",
      "Process Metadata",
      "Process Termination",
      "Process/Event Alarm",
      "Scheduled Job Creation",
      "Scheduled Job Modification",
      "Script Execution",
      "Service Creation",
      "Service Metadata",
      "Service Modification",
      "Software",
      "User Account Authentication",
      "Windows Registry Key Deletion",
      "Windows Registry Key Modification"
    ]
  },
  "DeTT&CT-Enterprise": {
    "Windows": [
      "Web [DeTT&CT data source]",
      "Internal DNS [DeTT&CT data source]",
      "DHCP [DeTT&CT data source]",
      "Email [DeTT&CT data source]"
    ],
    "macOS": [
      "Web [DeTT&CT data source]",
      "Internal DNS [DeTT&CT data source]",
      "DHCP [DeTT&CT data source]",
      "Email [DeTT&CT data source]"
    ],
    "Linux": [
      "Web [DeTT&CT data source]",
      "Internal DNS [DeTT&CT data source]",
      "DHCP [DeTT&CT data source]",
      "Email [DeTT&CT data source]"
    ],
    "IaaS": [
      "Web [DeTT&CT data source]",
      "Internal DNS [DeTT&CT data source]"
    ],
    "PRE": [],
    "Office Suite": [
      "Web [DeTT&CT data source]",
      "Email [DeTT&CT data source]"
    ],
    "SaaS": [
      "Web [DeTT&CT data source]",
      "Email [DeTT&CT data source]"
    ],
    "Network Devices": [
      "Web [DeTT&CT data source]",
      "Internal DNS [DeTT&CT data source]"
    ],
    "Containers": [
      "Web [DeTT&CT data source]",
      "Internal DNS [DeTT&CT data source]"
    ],
    "Identity Provider": [],
    "ESXi": []
  },
  "DeTT&CT-ICS": {
    "Control Server": [],
    "Data Historian": [],
    "Device Configuration/Parameters": [],
    "Engineering Workstation": [],
    "Field Controller/RTU/PLC/IED": [],
    "Human-Machine Interface": [],
    "Input/Output Server": [],
    "Safety Instrumented System/Protection Relay": [],
    "None": []
  },
  "ATT&CK-Mobile": {
    "Android": [
      "API Calls",
      "Application Assets",
      "Command Execution",
      "Host Status",
      "Network Communication",
      "Network Connection Creation",
      "Network Traffic Content",
      "Network Traffic Flow",
      "OS API Execution",
      "Permissions Request",
      "Permissions Requests",
      "Process Creation",
      "Process Metadata",
      "Process Termination",
      "Protected Configuration",
      "System Notifications",
      "System Settings"
    ],
    "iOS": [
      "API Calls",
      "Application Assets",
      "Command Execution",
      "Host Status",
      "Network Communication",
      "Network Connection Creation",
      "Network Traffic Content",
      "Network Traffic Flow",
      "OS API Execution",
      "Permissions Request",
      "Permissions Requests",
      "Process Creation",
      "Process Metadata",
      "Process Termination",
      "Protected Configuration",
      "System Notifications",
      "System Settings"
    ]
  },
  "DeTT&CT-Mobile": {
    "Android": [],
    "iOS": []
  }
}