{"name": "Attack - all", "versions": {"navigator": "4.3", "layer": "4.2"},
"domain": "enterprise-attack", "description": "stage: attack | platform(s): all | group(s): Rapid7 (2020 Q2 Threat Report - cumulative by industry) | overlay group(s): ", "filters": {"platforms": ["PRE", "Windows", "macOS", "Linux", "Office 365", "Azure AD", "Google Workspace", "IaaS", "SaaS", "Network", "Containers"]},
"sorting": 3, "layout": {"layout": "flat", "showName": true, "showID": false},
"hideDisable": false, "selectSubtechniquesWithParent": false, "techniques": [{"techniqueID": "T1082", "score": 2, "metadata": [{"name": "Group", "value": "Rapid7"},
{"name": "Campaign", "value": "2020 Q2 Threat Report - cumulative by industry"}], "showSubtechniques": false},
{"techniqueID": "T1218.010", "score": 33, "metadata": [{"name": "Group", "value": "Rapid7"},
{"name": "Campaign", "value": "2020 Q2 Threat Report - cumulative by industry"}]},
{"techniqueID": "T1218.011", "score": 18, "metadata": [{"name": "Group", "value": "Rapid7"},
{"name": "Campaign", "value": "2020 Q2 Threat Report - cumulative by industry"}]},
{"techniqueID": "T1036", "score": 103, "metadata": [{"name": "Group", "value": "Rapid7"},
{"name": "Campaign", "value": "2020 Q2 Threat Report - cumulative by industry"}], "showSubtechniques": false},
{"techniqueID": "T1547.001", "score": 5, "metadata": [{"name": "Group", "value": "Rapid7"},
{"name": "Campaign", "value": "2020 Q2 Threat Report - cumulative by industry"}]},
{"techniqueID": "T1562.006", "score": 5, "metadata": [{"name": "Group", "value": "Rapid7"},
{"name": "Campaign", "value": "2020 Q2 Threat Report - cumulative by industry"}]},
{"techniqueID": "T1557.001", "score": 1, "metadata": [{"name": "Group", "value": "Rapid7"},
{"name": "Campaign", "value": "2020 Q2 Threat Report - cumulative by industry"}]},
{"techniqueID": "T1047", "score": 4, "metadata": [{"name": "Group", "value": "Rapid7"},
{"name": "Campaign", "value": "2020 Q2 Threat Report - cumulative by industry"}], "showSubtechniques": false},
{"techniqueID": "T1114", "score": 3, "metadata": [{"name": "Group", "value": "Rapid7"},
{"name": "Campaign", "value": "2020 Q2 Threat Report - cumulative by industry"}], "showSubtechniques": false},
{"techniqueID": "T1110", "score": 1, "metadata": [{"name": "Group", "value": "Rapid7"},
{"name": "Campaign", "value": "2020 Q2 Threat Report - cumulative by industry"}], "showSubtechniques": false},
{"techniqueID": "T1560", "score": 1, "metadata": [{"name": "Group", "value": "Rapid7"},
{"name": "Campaign", "value": "2020 Q2 Threat Report - cumulative by industry"}], "showSubtechniques": false},
{"techniqueID": "T1562.001", "score": 1, "metadata": [{"name": "Group", "value": "Rapid7"},
{"name": "Campaign", "value": "2020 Q2 Threat Report - cumulative by industry"}]},
{"techniqueID": "T1566.002", "score": 28, "metadata": [{"name": "Group", "value": "Rapid7"},
{"name": "Campaign", "value": "2020 Q2 Threat Report - cumulative by industry"}]},
{"techniqueID": "T1219", "score": 8, "metadata": [{"name": "Group", "value": "Rapid7"},
{"name": "Campaign", "value": "2020 Q2 Threat Report - cumulative by industry"}], "showSubtechniques": false},
{"techniqueID": "T1496", "score": 3, "metadata": [{"name": "Group", "value": "Rapid7"},
{"name": "Campaign", "value": "2020 Q2 Threat Report - cumulative by industry"}], "showSubtechniques": false},
{"techniqueID": "T1027", "score": 2, "metadata": [{"name": "Group", "value": "Rapid7"},
{"name": "Campaign", "value": "2020 Q2 Threat Report - cumulative by industry"}], "showSubtechniques": false},
{"techniqueID": "T1204", "score": 15, "metadata": [{"name": "Group", "value": "Rapid7"},
{"name": "Campaign", "value": "2020 Q2 Threat Report - cumulative by industry"}], "showSubtechniques": false},
{"techniqueID": "T1059", "score": 20, "metadata": [{"name": "Group", "value": "Rapid7"},
{"name": "Campaign", "value": "2020 Q2 Threat Report - cumulative by industry"}], "showSubtechniques": true},
{"techniqueID": "T1053.005", "score": 4, "metadata": [{"name": "Group", "value": "Rapid7"},
{"name": "Campaign", "value": "2020 Q2 Threat Report - cumulative by industry"}]},
{"techniqueID": "T1059.001", "score": 17, "metadata": [{"name": "Group", "value": "Rapid7"},
{"name": "Campaign", "value": "2020 Q2 Threat Report - cumulative by industry"}]},
{"techniqueID": "T1218", "score": 9, "metadata": [{"name": "Group", "value": "Rapid7"},
{"name": "Campaign", "value": "2020 Q2 Threat Report - cumulative by industry"}], "showSubtechniques": true},
{"techniqueID": "T1072", "score": 55, "metadata": [{"name": "Group", "value": "Rapid7"},
{"name": "Campaign", "value": "2020 Q2 Threat Report - cumulative by industry"}], "showSubtechniques": false},
{"techniqueID": "T1078", "score": 184, "metadata": [{"name": "Group", "value": "Rapid7"},
{"name": "Campaign", "value": "2020 Q2 Threat Report - cumulative by industry"}], "showSubtechniques": false},
{"techniqueID": "T1547", "showSubtechniques": true},
{"techniqueID": "T1562", "showSubtechniques": true},
{"techniqueID": "T1557", "showSubtechniques": true},
{"techniqueID": "T1566", "showSubtechniques": true},
{"techniqueID": "T1053", "showSubtechniques": true}], "showTacticRowBackground": false, "tacticRowBackground": "#dddddd", "selectTechniquesAcrossTactics": true, "gradient": {"colors": ["#ffcece", "#ff0000"], "minValue": 0, "maxValue": 184},
"legendItems": [{"label": "Tech. not often used", "color": "#ffcece"},
{"label": "Tech. used frequently", "color": "#ff0000"},
{"label": "Groups overlay: tech. in group + overlay", "color": "#f9a825"},
{"label": "Groups overlay: tech. in overlay", "color": "#ffee58"},
{"label": "Src. of tech. is only software", "color": "#0d47a1 "},
{"label": "Src. of tech. is group(s)/overlay + software", "color": "#64b5f6 "}]}