{"name": "Attack - Windows, Linux, macOS", "version": "2.2", "domain": "mitre-enterprise", "description": "stage: attack | platform(s): Windows, Linux, macOS | group(s): Red Canary Threat Detection Report 2020 (Energy) | overlay group(s): ", "filters": {"stages": ["act"], "platforms": ["Windows", "Linux", "macOS"]},
"sorting": 3, "viewMode": 0, "hideDisable": false, "techniques": [{"techniqueID": "T1004", "score": 5, "metadata": [{"name": "-Groups", "value": "Red Canary Threat Detection Report 2020"},
{"name": "-Campaign", "value": "Energy"}]},
{"techniqueID": "T1193", "score": 6, "metadata": [{"name": "-Groups", "value": "Red Canary Threat Detection Report 2020"},
{"name": "-Campaign", "value": "Energy"}]},
{"techniqueID": "T1003", "score": 15, "metadata": [{"name": "-Groups", "value": "Red Canary Threat Detection Report 2020"},
{"name": "-Campaign", "value": "Energy"}]},
{"techniqueID": "T1064", "score": 15, "metadata": [{"name": "-Groups", "value": "Red Canary Threat Detection Report 2020"},
{"name": "-Campaign", "value": "Energy"}]},
{"techniqueID": "T1015", "score": 5, "metadata": [{"name": "-Groups", "value": "Red Canary Threat Detection Report 2020"},
{"name": "-Campaign", "value": "Energy"}]},
{"techniqueID": "T1059", "score": 5, "metadata": [{"name": "-Groups", "value": "Red Canary Threat Detection Report 2020"},
{"name": "-Campaign", "value": "Energy"}]},
{"techniqueID": "T1105", "score": 5, "metadata": [{"name": "-Groups", "value": "Red Canary Threat Detection Report 2020"},
{"name": "-Campaign", "value": "Energy"}]},
{"techniqueID": "T1086", "score": 42, "metadata": [{"name": "-Groups", "value": "Red Canary Threat Detection Report 2020"},
{"name": "-Campaign", "value": "Energy"}]},
{"techniqueID": "T1140", "score": 8, "metadata": [{"name": "-Groups", "value": "Red Canary Threat Detection Report 2020"},
{"name": "-Campaign", "value": "Energy"}]},
{"techniqueID": "T1089", "score": 8, "metadata": [{"name": "-Groups", "value": "Red Canary Threat Detection Report 2020"},
{"name": "-Campaign", "value": "Energy"}]}], "showTacticRowBackground": false, "tacticRowBackground": "#dddddd", "selectTechniquesAcrossTactics": true, "gradient": {"colors": ["#ffcece", "#ff0000"], "minValue": 0, "maxValue": 42},
"legendItems": [{"label": "Tech. not often used", "color": "#ffcece"},
{"label": "Tech. used frequently", "color": "#ff0000"},
{"label": "Groups overlay: tech. in group + overlay", "color": "#f9a825"},
{"label": "Groups overlay: tech. in overlay", "color": "#ffee58"},
{"label": "Src. of tech. is only software", "color": "#0d47a1 "},
{"label": "Src. of tech. is group(s)/overlay + software", "color": "#64b5f6 "}]}