{"name": "Attack - Windows, Linux, macOS", "version": "2.2", "domain": "mitre-enterprise", "description": "stage: attack | platform(s): Windows, Linux, macOS | group(s): Red Canary Threat Detection Report 2020 (Manufacturing) | overlay group(s): ", "filters": {"stages": ["act"], "platforms": ["Windows", "Linux", "macOS"]},
"sorting": 3, "viewMode": 0, "hideDisable": false, "techniques": [{"techniqueID": "T1086", "score": 15, "metadata": [{"name": "-Groups", "value": "Red Canary Threat Detection Report 2020"},
{"name": "-Campaign", "value": "Manufacturing"}]},
{"techniqueID": "T1003", "score": 8, "metadata": [{"name": "-Groups", "value": "Red Canary Threat Detection Report 2020"},
{"name": "-Campaign", "value": "Manufacturing"}]},
{"techniqueID": "T1036", "score": 8, "metadata": [{"name": "-Groups", "value": "Red Canary Threat Detection Report 2020"},
{"name": "-Campaign", "value": "Manufacturing"}]},
{"techniqueID": "T1077", "score": 19, "metadata": [{"name": "-Groups", "value": "Red Canary Threat Detection Report 2020"},
{"name": "-Campaign", "value": "Manufacturing"}]},
{"techniqueID": "T1135", "score": 12, "metadata": [{"name": "-Groups", "value": "Red Canary Threat Detection Report 2020"},
{"name": "-Campaign", "value": "Manufacturing"}]},
{"techniqueID": "T1053", "score": 21, "metadata": [{"name": "-Groups", "value": "Red Canary Threat Detection Report 2020"},
{"name": "-Campaign", "value": "Manufacturing"}]},
{"techniqueID": "T1064", "score": 7, "metadata": [{"name": "-Groups", "value": "Red Canary Threat Detection Report 2020"},
{"name": "-Campaign", "value": "Manufacturing"}]},
{"techniqueID": "T1055", "score": 23, "metadata": [{"name": "-Groups", "value": "Red Canary Threat Detection Report 2020"},
{"name": "-Campaign", "value": "Manufacturing"}]},
{"techniqueID": "T1089", "score": 9, "metadata": [{"name": "-Groups", "value": "Red Canary Threat Detection Report 2020"},
{"name": "-Campaign", "value": "Manufacturing"}]},
{"techniqueID": "T1105", "score": 9, "metadata": [{"name": "-Groups", "value": "Red Canary Threat Detection Report 2020"},
{"name": "-Campaign", "value": "Manufacturing"}]}], "showTacticRowBackground": false, "tacticRowBackground": "#dddddd", "selectTechniquesAcrossTactics": true, "gradient": {"colors": ["#ffcece", "#ff0000"], "minValue": 0, "maxValue": 23},
"legendItems": [{"label": "Tech. not often used", "color": "#ffcece"},
{"label": "Tech. used frequently", "color": "#ff0000"},
{"label": "Groups overlay: tech. in group + overlay", "color": "#f9a825"},
{"label": "Groups overlay: tech. in overlay", "color": "#ffee58"},
{"label": "Src. of tech. is only software", "color": "#0d47a1 "},
{"label": "Src. of tech. is group(s)/overlay + software", "color": "#64b5f6 "}]}