{"name": "Attack - Windows, Linux, macOS", "version": "2.2", "domain": "mitre-enterprise", "description": "stage: attack | platform(s): Windows, Linux, macOS | group(s): Red Canary Threat Detection Report 2020 (Overall) | overlay group(s): ", "filters": {"stages": ["act"], "platforms": ["Windows", "Linux", "macOS"]},
"sorting": 3, "viewMode": 0, "hideDisable": false, "techniques": [{"techniqueID": "T1003", "score": 5, "metadata": [{"name": "-Groups", "value": "Red Canary Threat Detection Report 2020"},
{"name": "-Campaign", "value": "Overall"}]},
{"techniqueID": "T1193", "score": 2, "metadata": [{"name": "-Groups", "value": "Red Canary Threat Detection Report 2020"},
{"name": "-Campaign", "value": "Overall"}]},
{"techniqueID": "T1482", "score": 5, "metadata": [{"name": "-Groups", "value": "Red Canary Threat Detection Report 2020"},
{"name": "-Campaign", "value": "Overall"}]},
{"techniqueID": "T1140", "score": 2, "metadata": [{"name": "-Groups", "value": "Red Canary Threat Detection Report 2020"},
{"name": "-Campaign", "value": "Overall"}]},
{"techniqueID": "T1055", "score": 17, "metadata": [{"name": "-Groups", "value": "Red Canary Threat Detection Report 2020"},
{"name": "-Campaign", "value": "Overall"}]},
{"techniqueID": "T1168", "score": 2, "metadata": [{"name": "-Groups", "value": "Red Canary Threat Detection Report 2020"},
{"name": "-Campaign", "value": "Overall"}]},
{"techniqueID": "T1053", "score": 13, "metadata": [{"name": "-Groups", "value": "Red Canary Threat Detection Report 2020"},
{"name": "-Campaign", "value": "Overall"}]},
{"techniqueID": "T1170", "score": 2, "metadata": [{"name": "-Groups", "value": "Red Canary Threat Detection Report 2020"},
{"name": "-Campaign", "value": "Overall"}]},
{"techniqueID": "T1047", "score": 4, "metadata": [{"name": "-Groups", "value": "Red Canary Threat Detection Report 2020"},
{"name": "-Campaign", "value": "Overall"}]},
{"techniqueID": "T1077", "score": 13, "metadata": [{"name": "-Groups", "value": "Red Canary Threat Detection Report 2020"},
{"name": "-Campaign", "value": "Overall"}]},
{"techniqueID": "T1086", "score": 12, "metadata": [{"name": "-Groups", "value": "Red Canary Threat Detection Report 2020"},
{"name": "-Campaign", "value": "Overall"}]},
{"techniqueID": "T1015", "score": 2, "metadata": [{"name": "-Groups", "value": "Red Canary Threat Detection Report 2020"},
{"name": "-Campaign", "value": "Overall"}]},
{"techniqueID": "T1105", "score": 9, "metadata": [{"name": "-Groups", "value": "Red Canary Threat Detection Report 2020"},
{"name": "-Campaign", "value": "Overall"}]},
{"techniqueID": "T1036", "score": 7, "metadata": [{"name": "-Groups", "value": "Red Canary Threat Detection Report 2020"},
{"name": "-Campaign", "value": "Overall"}]},
{"techniqueID": "T1085", "score": 3, "metadata": [{"name": "-Groups", "value": "Red Canary Threat Detection Report 2020"},
{"name": "-Campaign", "value": "Overall"}]},
{"techniqueID": "T1038", "score": 5, "metadata": [{"name": "-Groups", "value": "Red Canary Threat Detection Report 2020"},
{"name": "-Campaign", "value": "Overall"}]},
{"techniqueID": "T1035", "score": 4, "metadata": [{"name": "-Groups", "value": "Red Canary Threat Detection Report 2020"},
{"name": "-Campaign", "value": "Overall"}]},
{"techniqueID": "T1093", "score": 2, "metadata": [{"name": "-Groups", "value": "Red Canary Threat Detection Report 2020"},
{"name": "-Campaign", "value": "Overall"}]},
{"techniqueID": "T1064", "score": 5, "metadata": [{"name": "-Groups", "value": "Red Canary Threat Detection Report 2020"},
{"name": "-Campaign", "value": "Overall"}]},
{"techniqueID": "T1089", "score": 5, "metadata": [{"name": "-Groups", "value": "Red Canary Threat Detection Report 2020"},
{"name": "-Campaign", "value": "Overall"}]}], "showTacticRowBackground": false, "tacticRowBackground": "#dddddd", "selectTechniquesAcrossTactics": true, "gradient": {"colors": ["#ffcece", "#ff0000"], "minValue": 0, "maxValue": 17},
"legendItems": [{"label": "Tech. not often used", "color": "#ffcece"},
{"label": "Tech. used frequently", "color": "#ff0000"},
{"label": "Groups overlay: tech. in group + overlay", "color": "#f9a825"},
{"label": "Groups overlay: tech. in overlay", "color": "#ffee58"},
{"label": "Src. of tech. is only software", "color": "#0d47a1 "},
{"label": "Src. of tech. is group(s)/overlay + software", "color": "#64b5f6 "}]}