{"name": "Attack - Windows, Linux, macOS", "version": "2.2", "domain": "mitre-enterprise", "description": "stage: attack | platform(s): Windows, Linux, macOS | group(s): Red Canary Threat Detection Report 2020 (Finance) | overlay group(s): ", "filters": {"stages": ["act"], "platforms": ["Windows", "Linux", "macOS"]},
"sorting": 3, "viewMode": 0, "hideDisable": false, "techniques": [{"techniqueID": "T1047", "score": 9, "metadata": [{"name": "-Groups", "value": "Red Canary Threat Detection Report 2020"},
{"name": "-Campaign", "value": "Finance"}]},
{"techniqueID": "T1193", "score": 8, "metadata": [{"name": "-Groups", "value": "Red Canary Threat Detection Report 2020"},
{"name": "-Campaign", "value": "Finance"}]},
{"techniqueID": "T1035", "score": 7, "metadata": [{"name": "-Groups", "value": "Red Canary Threat Detection Report 2020"},
{"name": "-Campaign", "value": "Finance"}]},
{"techniqueID": "T1105", "score": 7, "metadata": [{"name": "-Groups", "value": "Red Canary Threat Detection Report 2020"},
{"name": "-Campaign", "value": "Finance"}]},
{"techniqueID": "T1170", "score": 7, "metadata": [{"name": "-Groups", "value": "Red Canary Threat Detection Report 2020"},
{"name": "-Campaign", "value": "Finance"}]},
{"techniqueID": "T1086", "score": 28, "metadata": [{"name": "-Groups", "value": "Red Canary Threat Detection Report 2020"},
{"name": "-Campaign", "value": "Finance"}]},
{"techniqueID": "T1077", "score": 20, "metadata": [{"name": "-Groups", "value": "Red Canary Threat Detection Report 2020"},
{"name": "-Campaign", "value": "Finance"}]},
{"techniqueID": "T1064", "score": 13, "metadata": [{"name": "-Groups", "value": "Red Canary Threat Detection Report 2020"},
{"name": "-Campaign", "value": "Finance"}]},
{"techniqueID": "T1003", "score": 50, "metadata": [{"name": "-Groups", "value": "Red Canary Threat Detection Report 2020"},
{"name": "-Campaign", "value": "Finance"}]},
{"techniqueID": "T1055", "score": 10, "metadata": [{"name": "-Groups", "value": "Red Canary Threat Detection Report 2020"},
{"name": "-Campaign", "value": "Finance"}]}], "showTacticRowBackground": false, "tacticRowBackground": "#dddddd", "selectTechniquesAcrossTactics": true, "gradient": {"colors": ["#ffcece", "#ff0000"], "minValue": 0, "maxValue": 50},
"legendItems": [{"label": "Tech. not often used", "color": "#ffcece"},
{"label": "Tech. used frequently", "color": "#ff0000"},
{"label": "Groups overlay: tech. in group + overlay", "color": "#f9a825"},
{"label": "Groups overlay: tech. in overlay", "color": "#ffee58"},
{"label": "Src. of tech. is only software", "color": "#0d47a1 "},
{"label": "Src. of tech. is group(s)/overlay + software", "color": "#64b5f6 "}]}