{"name": "Attack - Linux, Windows, macOS", "versions": {"navigator": "4.5", "layer": "4.3"},
"domain": "enterprise-attack", "description": "stage: attack | platform(s): Linux, Windows, macOS | group(s): RedCanary - 2022 Threat Detection Report | overlay group(s): ", "filters": {"platforms": ["Windows", "Linux", "macOS"]},
"sorting": 3, "layout": {"layout": "flat", "aggregateFunction": "sum", "showAggregateScores": true, "countUnscored": false, "showName": true, "showID": false},
"hideDisable": false, "selectSubtechniquesWithParent": false, "techniques": [{"techniqueID": "T1055", "score": 1235, "metadata": [{"name": "Group", "value": "RedCanary - 2022 Threat Detection Report"}], "showSubtechniques": false},
{"techniqueID": "T1059", "score": 5998, "metadata": [{"name": "Group", "value": "RedCanary - 2022 Threat Detection Report"}], "showSubtechniques": true},
{"techniqueID": "T1036.005", "score": 386, "metadata": [{"name": "Group", "value": "RedCanary - 2022 Threat Detection Report"}]},
{"techniqueID": "T1574", "score": 859, "metadata": [{"name": "Group", "value": "RedCanary - 2022 Threat Detection Report"}], "showSubtechniques": true},
{"techniqueID": "T1053.005", "score": 1147, "metadata": [{"name": "Group", "value": "RedCanary - 2022 Threat Detection Report"}]},
{"techniqueID": "T1003", "score": 1871, "metadata": [{"name": "Group", "value": "RedCanary - 2022 Threat Detection Report"}], "showSubtechniques": true},
{"techniqueID": "T1574.001", "score": 846, "metadata": [{"name": "Group", "value": "RedCanary - 2022 Threat Detection Report"}]},
{"techniqueID": "T1036", "score": 961, "metadata": [{"name": "Group", "value": "RedCanary - 2022 Threat Detection Report"}], "showSubtechniques": true},
{"techniqueID": "T1218", "score": 2510, "metadata": [{"name": "Group", "value": "RedCanary - 2022 Threat Detection Report"}], "showSubtechniques": true},
{"techniqueID": "T1105", "score": 1256, "metadata": [{"name": "Group", "value": "RedCanary - 2022 Threat Detection Report"}], "showSubtechniques": false},
{"techniqueID": "T1027", "score": 1059, "metadata": [{"name": "Group", "value": "RedCanary - 2022 Threat Detection Report"}], "showSubtechniques": false},
{"techniqueID": "T1047", "score": 2056, "metadata": [{"name": "Group", "value": "RedCanary - 2022 Threat Detection Report"}], "showSubtechniques": false},
{"techniqueID": "T1003.001", "score": 746, "metadata": [{"name": "Group", "value": "RedCanary - 2022 Threat Detection Report"}]},
{"techniqueID": "T1036.003", "score": 497, "metadata": [{"name": "Group", "value": "RedCanary - 2022 Threat Detection Report"}]},
{"techniqueID": "T1218.011", "score": 1713, "metadata": [{"name": "Group", "value": "RedCanary - 2022 Threat Detection Report"}]},
{"techniqueID": "T1059.001", "score": 3309, "metadata": [{"name": "Group", "value": "RedCanary - 2022 Threat Detection Report"}]},
{"techniqueID": "T1059.003", "score": 3128, "metadata": [{"name": "Group", "value": "RedCanary - 2022 Threat Detection Report"}]},
{"techniqueID": "T1053", "showSubtechniques": true}], "showTacticRowBackground": false, "tacticRowBackground": "#dddddd", "selectTechniquesAcrossTactics": true, "gradient": {"colors": ["#ffcece", "#ff0000"], "minValue": 0, "maxValue": 5998},
"legendItems": [{"label": "Tech. not often used", "color": "#ffcece"},
{"label": "Tech. used frequently", "color": "#ff0000"},
{"label": "Groups overlay: tech. in group + overlay", "color": "#f9a825"},
{"label": "Groups overlay: tech. in overlay", "color": "#ffee58"},
{"label": "Src. of tech. is only software", "color": "#0d47a1 "},
{"label": "Src. of tech. is group(s)/overlay + software", "color": "#64b5f6 "}]}