{"name": "Attack - all", "versions": {"navigator": "4.3", "layer": "4.2"},
"domain": "enterprise-attack", "description": "stage: attack | platform(s): all | group(s): McAfee (Labs Threats Report - April 2021 (top 5 per tactic)) | overlay group(s): ", "filters": {"platforms": ["PRE", "Windows", "macOS", "Linux", "Office 365", "Azure AD", "Google Workspace", "IaaS", "SaaS", "Network", "Containers"]},
"sorting": 3, "layout": {"layout": "flat", "showName": true, "showID": false},
"hideDisable": false, "selectSubtechniquesWithParent": false, "techniques": [{"techniqueID": "T1027", "score": 1, "metadata": [{"name": "Group", "value": "McAfee"},
{"name": "Campaign", "value": "Labs Threats Report - April 2021 (top 5 per tactic)"}], "showSubtechniques": false},
{"techniqueID": "T1047", "score": 1, "metadata": [{"name": "Group", "value": "McAfee"},
{"name": "Campaign", "value": "Labs Threats Report - April 2021 (top 5 per tactic)"}], "showSubtechniques": false},
{"techniqueID": "T1055", "score": 1, "metadata": [{"name": "Group", "value": "McAfee"},
{"name": "Campaign", "value": "Labs Threats Report - April 2021 (top 5 per tactic)"}], "showSubtechniques": false},
{"techniqueID": "T1113", "score": 1, "metadata": [{"name": "Group", "value": "McAfee"},
{"name": "Campaign", "value": "Labs Threats Report - April 2021 (top 5 per tactic)"}], "showSubtechniques": false},
{"techniqueID": "T1110", "score": 1, "metadata": [{"name": "Group", "value": "McAfee"},
{"name": "Campaign", "value": "Labs Threats Report - April 2021 (top 5 per tactic)"}], "showSubtechniques": false},
{"techniqueID": "T1204", "score": 1, "metadata": [{"name": "Group", "value": "McAfee"},
{"name": "Campaign", "value": "Labs Threats Report - April 2021 (top 5 per tactic)"}], "showSubtechniques": false},
{"techniqueID": "T1003", "score": 1, "metadata": [{"name": "Group", "value": "McAfee"},
{"name": "Campaign", "value": "Labs Threats Report - April 2021 (top 5 per tactic)"}], "showSubtechniques": false},
{"techniqueID": "T1037.005", "score": 1, "metadata": [{"name": "Group", "value": "McAfee"},
{"name": "Campaign", "value": "Labs Threats Report - April 2021 (top 5 per tactic)"}]},
{"techniqueID": "T1091", "score": 1, "metadata": [{"name": "Group", "value": "McAfee"},
{"name": "Campaign", "value": "Labs Threats Report - April 2021 (top 5 per tactic)"}], "showSubtechniques": false},
{"techniqueID": "T1059", "score": 1, "metadata": [{"name": "Group", "value": "McAfee"},
{"name": "Campaign", "value": "Labs Threats Report - April 2021 (top 5 per tactic)"}], "showSubtechniques": false},
{"techniqueID": "T1053.005", "score": 1, "metadata": [{"name": "Group", "value": "McAfee"},
{"name": "Campaign", "value": "Labs Threats Report - April 2021 (top 5 per tactic)"}]},
{"techniqueID": "T1056", "score": 1, "metadata": [{"name": "Group", "value": "McAfee"},
{"name": "Campaign", "value": "Labs Threats Report - April 2021 (top 5 per tactic)"}], "showSubtechniques": true},
{"techniqueID": "T1210", "score": 1, "metadata": [{"name": "Group", "value": "McAfee"},
{"name": "Campaign", "value": "Labs Threats Report - April 2021 (top 5 per tactic)"}], "showSubtechniques": false},
{"techniqueID": "T1105", "score": 1, "metadata": [{"name": "Group", "value": "McAfee"},
{"name": "Campaign", "value": "Labs Threats Report - April 2021 (top 5 per tactic)"}], "showSubtechniques": false},
{"techniqueID": "T1119", "score": 1, "metadata": [{"name": "Group", "value": "McAfee"},
{"name": "Campaign", "value": "Labs Threats Report - April 2021 (top 5 per tactic)"}], "showSubtechniques": false},
{"techniqueID": "T1033", "score": 1, "metadata": [{"name": "Group", "value": "McAfee"},
{"name": "Campaign", "value": "Labs Threats Report - April 2021 (top 5 per tactic)"}], "showSubtechniques": false},
{"techniqueID": "T1112", "score": 1, "metadata": [{"name": "Group", "value": "McAfee"},
{"name": "Campaign", "value": "Labs Threats Report - April 2021 (top 5 per tactic)"}], "showSubtechniques": false},
{"techniqueID": "T1190", "score": 1, "metadata": [{"name": "Group", "value": "McAfee"},
{"name": "Campaign", "value": "Labs Threats Report - April 2021 (top 5 per tactic)"}], "showSubtechniques": false},
{"techniqueID": "T1078", "score": 1, "metadata": [{"name": "Group", "value": "McAfee"},
{"name": "Campaign", "value": "Labs Threats Report - April 2021 (top 5 per tactic)"}], "showSubtechniques": false},
{"techniqueID": "T1056.001", "score": 1, "metadata": [{"name": "Group", "value": "McAfee"},
{"name": "Campaign", "value": "Labs Threats Report - April 2021 (top 5 per tactic)"}]},
{"techniqueID": "T1068", "score": 1, "metadata": [{"name": "Group", "value": "McAfee"},
{"name": "Campaign", "value": "Labs Threats Report - April 2021 (top 5 per tactic)"}], "showSubtechniques": false},
{"techniqueID": "T1021", "score": 1, "metadata": [{"name": "Group", "value": "McAfee"},
{"name": "Campaign", "value": "Labs Threats Report - April 2021 (top 5 per tactic)"}], "showSubtechniques": false},
{"techniqueID": "T1140", "score": 1, "metadata": [{"name": "Group", "value": "McAfee"},
{"name": "Campaign", "value": "Labs Threats Report - April 2021 (top 5 per tactic)"}], "showSubtechniques": false},
{"techniqueID": "T1539", "score": 1, "metadata": [{"name": "Group", "value": "McAfee"},
{"name": "Campaign", "value": "Labs Threats Report - April 2021 (top 5 per tactic)"}], "showSubtechniques": false},
{"techniqueID": "T1057", "score": 1, "metadata": [{"name": "Group", "value": "McAfee"},
{"name": "Campaign", "value": "Labs Threats Report - April 2021 (top 5 per tactic)"}], "showSubtechniques": false},
{"techniqueID": "T1074", "score": 1, "metadata": [{"name": "Group", "value": "McAfee"},
{"name": "Campaign", "value": "Labs Threats Report - April 2021 (top 5 per tactic)"}], "showSubtechniques": false},
{"techniqueID": "T1036", "score": 1, "metadata": [{"name": "Group", "value": "McAfee"},
{"name": "Campaign", "value": "Labs Threats Report - April 2021 (top 5 per tactic)"}], "showSubtechniques": false},
{"techniqueID": "T1547.001", "score": 1, "metadata": [{"name": "Group", "value": "McAfee"},
{"name": "Campaign", "value": "Labs Threats Report - April 2021 (top 5 per tactic)"}]},
{"techniqueID": "T1574.002", "score": 1, "metadata": [{"name": "Group", "value": "McAfee"},
{"name": "Campaign", "value": "Labs Threats Report - April 2021 (top 5 per tactic)"}]},
{"techniqueID": "T1189", "score": 1, "metadata": [{"name": "Group", "value": "McAfee"},
{"name": "Campaign", "value": "Labs Threats Report - April 2021 (top 5 per tactic)"}], "showSubtechniques": false},
{"techniqueID": "T1012", "score": 1, "metadata": [{"name": "Group", "value": "McAfee"},
{"name": "Campaign", "value": "Labs Threats Report - April 2021 (top 5 per tactic)"}], "showSubtechniques": false},
{"techniqueID": "T1083", "score": 1, "metadata": [{"name": "Group", "value": "McAfee"},
{"name": "Campaign", "value": "Labs Threats Report - April 2021 (top 5 per tactic)"}], "showSubtechniques": false},
{"techniqueID": "T1037", "score": 1, "metadata": [{"name": "Group", "value": "McAfee"},
{"name": "Campaign", "value": "Labs Threats Report - April 2021 (top 5 per tactic)"}], "showSubtechniques": true},
{"techniqueID": "T1005", "score": 1, "metadata": [{"name": "Group", "value": "McAfee"},
{"name": "Campaign", "value": "Labs Threats Report - April 2021 (top 5 per tactic)"}], "showSubtechniques": false},
{"techniqueID": "T1082", "score": 1, "metadata": [{"name": "Group", "value": "McAfee"},
{"name": "Campaign", "value": "Labs Threats Report - April 2021 (top 5 per tactic)"}], "showSubtechniques": false},
{"techniqueID": "T1566", "score": 1, "metadata": [{"name": "Group", "value": "McAfee"},
{"name": "Campaign", "value": "Labs Threats Report - April 2021 (top 5 per tactic)"}], "showSubtechniques": false},
{"techniqueID": "T1053", "showSubtechniques": true},
{"techniqueID": "T1547", "showSubtechniques": true},
{"techniqueID": "T1574", "showSubtechniques": true}], "showTacticRowBackground": false, "tacticRowBackground": "#dddddd", "selectTechniquesAcrossTactics": true, "gradient": {"colors": ["#ffcece", "#ff0000"], "minValue": 0, "maxValue": 1},
"legendItems": [{"label": "Tech. not often used", "color": "#ffcece"},
{"label": "Tech. used frequently", "color": "#ff0000"},
{"label": "Groups overlay: tech. in group + overlay", "color": "#f9a825"},
{"label": "Groups overlay: tech. in overlay", "color": "#ffee58"},
{"label": "Src. of tech. is only software", "color": "#0d47a1 "},
{"label": "Src. of tech. is group(s)/overlay + software", "color": "#64b5f6 "}]}