{"name": "Attack - Windows, Linux, macOS", "version": "2.2", "domain": "mitre-enterprise", "description": "stage: attack | platform(s): Windows, Linux, macOS | group(s): Recorded Future TTP Annual Report 2019 (Top 10) | overlay group(s): ", "filters": {"stages": ["act"], "platforms": ["Windows", "Linux", "macOS"]},
"sorting": 3, "viewMode": 0, "hideDisable": false, "techniques": [{"techniqueID": "T1073", "score": 16236, "metadata": [{"name": "-Groups", "value": "Recorded Future TTP Annual Report 2019"},
{"name": "-Campaign", "value": "Top 10"}]},
{"techniqueID": "T1032", "score": 13603, "metadata": [{"name": "-Groups", "value": "Recorded Future TTP Annual Report 2019"},
{"name": "-Campaign", "value": "Top 10"}]},
{"techniqueID": "T1055", "score": 19703, "metadata": [{"name": "-Groups", "value": "Recorded Future TTP Annual Report 2019"},
{"name": "-Campaign", "value": "Top 10"}]},
{"techniqueID": "T1063", "score": 22961, "metadata": [{"name": "-Groups", "value": "Recorded Future TTP Annual Report 2019"},
{"name": "-Campaign", "value": "Top 10"}]},
{"techniqueID": "T1022", "score": 14005, "metadata": [{"name": "-Groups", "value": "Recorded Future TTP Annual Report 2019"},
{"name": "-Campaign", "value": "Top 10"}]},
{"techniqueID": "T1106", "score": 13805, "metadata": [{"name": "-Groups", "value": "Recorded Future TTP Annual Report 2019"},
{"name": "-Campaign", "value": "Top 10"}]},
{"techniqueID": "T1045", "score": 16341, "metadata": [{"name": "-Groups", "value": "Recorded Future TTP Annual Report 2019"},
{"name": "-Campaign", "value": "Top 10"}]},
{"techniqueID": "T1027", "score": 21992, "metadata": [{"name": "-Groups", "value": "Recorded Future TTP Annual Report 2019"},
{"name": "-Campaign", "value": "Top 10"}]},
{"techniqueID": "T1082", "score": 18842, "metadata": [{"name": "-Groups", "value": "Recorded Future TTP Annual Report 2019"},
{"name": "-Campaign", "value": "Top 10"}]},
{"techniqueID": "T1057", "score": 17526, "metadata": [{"name": "-Groups", "value": "Recorded Future TTP Annual Report 2019"},
{"name": "-Campaign", "value": "Top 10"}]}], "showTacticRowBackground": false, "tacticRowBackground": "#dddddd", "selectTechniquesAcrossTactics": true, "gradient": {"colors": ["#ffcece", "#ff0000"], "minValue": 0, "maxValue": 22961},
"legendItems": [{"label": "Tech. not often used", "color": "#ffcece"},
{"label": "Tech. used frequently", "color": "#ff0000"},
{"label": "Groups overlay: tech. in group + overlay", "color": "#f9a825"},
{"label": "Groups overlay: tech. in overlay", "color": "#ffee58"},
{"label": "Src. of tech. is only software", "color": "#0d47a1 "},
{"label": "Src. of tech. is group(s)/overlay + software", "color": "#64b5f6 "}]}