{"name": "Rapid7 Q1 2019 - enterprise", "version": "2.2", "domain": "mitre-enterprise", "description": "stage: attack | group(s): Rapid7 Quarterly Threat Report Q1 2019", "filters": {"stages": ["act"], "platforms": ["Windows", "Linux", "macOS"]},
"sorting": 3, "viewMode": 0, "hideDisable": false, "techniques": [{"techniqueID": "T1018", "score": 10, "metadata": [{"name": "-Groups", "value": "Rapid7 Quarterly Threat Report Q1 2019"}]},
{"techniqueID": "T1219", "score": 16, "metadata": [{"name": "-Groups", "value": "Rapid7 Quarterly Threat Report Q1 2019"}]},
{"techniqueID": "T1195", "score": 2, "metadata": [{"name": "-Groups", "value": "Rapid7 Quarterly Threat Report Q1 2019"}]},
{"techniqueID": "T1064", "score": 96, "metadata": [{"name": "-Groups", "value": "Rapid7 Quarterly Threat Report Q1 2019"}]},
{"techniqueID": "T1071", "score": 45, "metadata": [{"name": "-Groups", "value": "Rapid7 Quarterly Threat Report Q1 2019"}]},
{"techniqueID": "T1189", "score": 3, "metadata": [{"name": "-Groups", "value": "Rapid7 Quarterly Threat Report Q1 2019"}]},
{"techniqueID": "T1204", "score": 2, "metadata": [{"name": "-Groups", "value": "Rapid7 Quarterly Threat Report Q1 2019"}]},
{"techniqueID": "T1486", "score": 77, "metadata": [{"name": "-Groups", "value": "Rapid7 Quarterly Threat Report Q1 2019"}]},
{"techniqueID": "T1496", "score": 20, "metadata": [{"name": "-Groups", "value": "Rapid7 Quarterly Threat Report Q1 2019"}]},
{"techniqueID": "T1060", "score": 50, "metadata": [{"name": "-Groups", "value": "Rapid7 Quarterly Threat Report Q1 2019"}]},
{"techniqueID": "T1165", "score": 50, "metadata": [{"name": "-Groups", "value": "Rapid7 Quarterly Threat Report Q1 2019"}]},
{"techniqueID": "T1114", "score": 99, "metadata": [{"name": "-Groups", "value": "Rapid7 Quarterly Threat Report Q1 2019"}]},
{"techniqueID": "T1021", "score": 60, "metadata": [{"name": "-Groups", "value": "Rapid7 Quarterly Threat Report Q1 2019"}]},
{"techniqueID": "T1027", "score": 91, "metadata": [{"name": "-Groups", "value": "Rapid7 Quarterly Threat Report Q1 2019"}]},
{"techniqueID": "T1106", "score": 2, "metadata": [{"name": "-Groups", "value": "Rapid7 Quarterly Threat Report Q1 2019"}]},
{"techniqueID": "T1059", "score": 2, "metadata": [{"name": "-Groups", "value": "Rapid7 Quarterly Threat Report Q1 2019"}]},
{"techniqueID": "T1082", "score": 90, "metadata": [{"name": "-Groups", "value": "Rapid7 Quarterly Threat Report Q1 2019"}]},
{"techniqueID": "T1133", "score": 97, "metadata": [{"name": "-Groups", "value": "Rapid7 Quarterly Threat Report Q1 2019"}]},
{"techniqueID": "T1035", "score": 2, "metadata": [{"name": "-Groups", "value": "Rapid7 Quarterly Threat Report Q1 2019"}]},
{"techniqueID": "T1105", "score": 40, "metadata": [{"name": "-Groups", "value": "Rapid7 Quarterly Threat Report Q1 2019"}]}], "showTacticRowBackground": false, "tacticRowBackground": "#dddddd", "selectTechniquesAcrossTactics": true, "gradient": {"colors": ["#ffcece", "#ff0000"], "minValue": 0, "maxValue": 99},
"legendItems": [{"label": "Tech. not often used", "color": "#ffcece"},
{"label": "Tech. used frequently", "color": "#ff0000"},
{"label": "Groups overlay: tech. in group + overlay", "color": "#f9a825"},
{"label": "Groups overlay: tech. in overlay", "color": "#ffee58"},
{"label": "Src. of tech. is only software", "color": "#0d47a1 "},
{"label": "Src. of tech. is group(s)/overlay + software", "color": "#64b5f6 "}]}