{"name": "Attack - all", "versions": {"navigator": "4.5", "layer": "4.3"},
"domain": "enterprise-attack", "description": "stage: attack | platform(s): all | group(s): MITRE Engenuity (15 Most Observed Techniques) | overlay group(s): ", "filters": {"platforms": ["PRE", "Windows", "macOS", "Linux", "Office 365", "Azure AD", "Google Workspace", "IaaS", "SaaS", "Network", "Containers"]},
"sorting": 3, "layout": {"layout": "flat", "aggregateFunction": "sum", "showAggregateScores": true, "countUnscored": false, "showName": true, "showID": false},
"hideDisable": false, "selectSubtechniquesWithParent": false, "techniques": [{"techniqueID": "T1090", "score": 798, "metadata": [{"name": "Group", "value": "MITRE Engenuity"},
{"name": "Campaign", "value": "15 Most Observed Techniques"}], "showSubtechniques": false},
{"techniqueID": "T1543", "score": 365, "metadata": [{"name": "Group", "value": "MITRE Engenuity"},
{"name": "Campaign", "value": "15 Most Observed Techniques"}], "showSubtechniques": false},
{"techniqueID": "T1562", "score": 173, "metadata": [{"name": "Group", "value": "MITRE Engenuity"},
{"name": "Campaign", "value": "15 Most Observed Techniques"}], "showSubtechniques": false},
{"techniqueID": "T1027", "score": 137, "metadata": [{"name": "Group", "value": "MITRE Engenuity"},
{"name": "Campaign", "value": "15 Most Observed Techniques"}], "showSubtechniques": false},
{"techniqueID": "T1574", "score": 1260, "metadata": [{"name": "Group", "value": "MITRE Engenuity"},
{"name": "Campaign", "value": "15 Most Observed Techniques"}], "showSubtechniques": false},
{"techniqueID": "T1036", "score": 405, "metadata": [{"name": "Group", "value": "MITRE Engenuity"},
{"name": "Campaign", "value": "15 Most Observed Techniques"}], "showSubtechniques": false},
{"techniqueID": "T1112", "score": 130, "metadata": [{"name": "Group", "value": "MITRE Engenuity"},
{"name": "Campaign", "value": "15 Most Observed Techniques"}], "showSubtechniques": false},
{"techniqueID": "T1021", "score": 127, "metadata": [{"name": "Group", "value": "MITRE Engenuity"},
{"name": "Campaign", "value": "15 Most Observed Techniques"}], "showSubtechniques": false},
{"techniqueID": "T1105", "score": 91, "metadata": [{"name": "Group", "value": "MITRE Engenuity"},
{"name": "Campaign", "value": "15 Most Observed Techniques"}], "showSubtechniques": false},
{"techniqueID": "T1055", "score": 175, "metadata": [{"name": "Group", "value": "MITRE Engenuity"},
{"name": "Campaign", "value": "15 Most Observed Techniques"}], "showSubtechniques": false},
{"techniqueID": "T1095", "score": 775, "metadata": [{"name": "Group", "value": "MITRE Engenuity"},
{"name": "Campaign", "value": "15 Most Observed Techniques"}], "showSubtechniques": false},
{"techniqueID": "T1218", "score": 405, "metadata": [{"name": "Group", "value": "MITRE Engenuity"},
{"name": "Campaign", "value": "15 Most Observed Techniques"}], "showSubtechniques": false},
{"techniqueID": "T1047", "score": 143, "metadata": [{"name": "Group", "value": "MITRE Engenuity"},
{"name": "Campaign", "value": "15 Most Observed Techniques"}], "showSubtechniques": false},
{"techniqueID": "T1053", "score": 2410, "metadata": [{"name": "Group", "value": "MITRE Engenuity"},
{"name": "Campaign", "value": "15 Most Observed Techniques"}], "showSubtechniques": false},
{"techniqueID": "T1059", "score": 1577, "metadata": [{"name": "Group", "value": "MITRE Engenuity"},
{"name": "Campaign", "value": "15 Most Observed Techniques"}], "showSubtechniques": false}], "showTacticRowBackground": false, "tacticRowBackground": "#dddddd", "selectTechniquesAcrossTactics": true, "gradient": {"colors": ["#ffcece", "#ff0000"], "minValue": 0, "maxValue": 2410},
"legendItems": [{"label": "Tech. not often used", "color": "#ffcece"},
{"label": "Tech. used frequently", "color": "#ff0000"},
{"label": "Groups overlay: tech. in group + overlay", "color": "#f9a825"},
{"label": "Groups overlay: tech. in overlay", "color": "#ffee58"},
{"label": "Src. of tech. is only software", "color": "#0d47a1 "},
{"label": "Src. of tech. is group(s)/overlay + software", "color": "#64b5f6 "}]}